load_id,table_name,load_type,start_time,end_time,rows_loaded,status,error_message
1,crm_cust_info,FULL,"2026-10-05 18:18:56","2026-10-05 18:18:56",18494,SUCCESS,NULL
2,crm_prd_info,FULL,"2026-10-05 18:18:56","2026-10-05 18:18:56",397,SUCCESS,NULL
3,crm_sales_details,FULL,"2026-10-05 18:18:56","2026-10-05 18:18:57",60398,SUCCESS,NULL
4,erp_loc_a101,FULL,"2026-10-05 18:18:57","2026-10-05 18:18:57",18484,SUCCESS,NULL
5,erp_cust_az12,FULL,"2026-10-05 18:18:57","2026-10-05 18:18:58",18484,SUCCESS,NULL
6,erp_px_cat_g1v2,FULL,"2026-10-05 18:18:58","2026-10-05 18:18:58",37,SUCCESS,NULL
7,crm_cust_info,FULL,"2026-10-05 18:20:44","2026-10-05 18:20:45",18494,SUCCESS,NULL
8,crm_prd_info,FULL,"2026-10-05 18:20:45","2026-10-05 18:20:45",397,SUCCESS,NULL
9,crm_sales_details,FULL,"2026-10-05 18:20:45","2026-10-05 18:20:46",60398,SUCCESS,NULL
10,erp_loc_a101,FULL,"2026-10-05 18:20:46","2026-10-05 18:20:46",18484,SUCCESS,NULL
11,erp_cust_az12,FULL,"2026-10-05 18:20:46","2026-10-05 18:20:46",18484,SUCCESS,NULL
12,erp_px_cat_g1v2,FULL,"2026-10-05 18:20:46","2026-10-05 18:20:46",37,SUCCESS,NULL
